ACCESS	http://dbpedia.org/resource/Arab_Community_Center_for_Economic_and_Social_Services
ACLU	http://dbpedia.org/resource/American_Civil_Liberties_Union
AFP	http://dbpedia.org/resource/Agence_France-Presse
AHS	http://aksw.org/notInWiki/Apalachee_High_School_football_team
AIBA	http://aksw.org/notInWiki/International_Boxing_Association
Abdul Matin	http://aksw.org/notInWiki/Abdul_Matin
Abhijeet Group	http://aksw.org/notInWiki/Abhijeet_Group
Action News	http://dbpedia.org/resource/Action_News
Adelson	http://dbpedia.org/resource/Sheldon_Adelson
Adria MacKenzie	http://aksw.org/notInWiki/Adria_MacKenzie
Adrian Lund	http://aksw.org/notInWiki/Adrian_Lund
Adrienne Kinne	http://aksw.org/notInWiki/Adrienne_Kinne
Aeroflot	http://dbpedia.org/resource/Aeroflot
Affordable Care Act	http://dbpedia.org/resource/Patient_Protection_and_Affordable_Care_Act
Agustin Pichot	http://dbpedia.org/resource/Agustín_Pichot
Aiea	http://dbpedia.org/resource/Aiea,_Hawaii
Al Shabaab	http://dbpedia.org/resource/Al-Shabaab
Alabama	http://dbpedia.org/resource/University_of_Alabama
Alan Grover	http://aksw.org/notInWiki/Alan_Grover
Alan Rifkin	http://aksw.org/notInWiki/Alan_Rifkin_(Analyst)
Alan Spinniken	http://aksw.org/notInWiki/Alan_Spinniken
Alberto Contador	http://dbpedia.org/resource/Alberto_Contador
Alec Gutierrez	http://aksw.org/notInWiki/Alec_Gutierrez
Alejandro Mayorkas	http://aksw.org/notInWiki/Alejandro_Mayorkas
Alex Rigopulos	http://dbpedia.org/resource/Alex_Rigopulos
Alexandru Ivan	http://aksw.org/notInWiki/Alexandru_Ivan
Alvaro Enciso	http://aksw.org/notInWiki/Alvaro_Enciso
Amazon	http://dbpedia.org/resource/Amazon.com
Ambassador Bridge	http://dbpedia.org/resource/Ambassador_Bridge
Amina	http://aksw.org/notInWiki/Amina
Amnesty International	http://dbpedia.org/resource/Amnesty_International
Anand Kumar	http://aksw.org/notInWiki/Anand_Kumar
Andrea Hlavackova	http://dbpedia.org/resource/Andrea_Hlaváčková
Andreas Seppi	http://dbpedia.org/resource/Andreas_Seppi
Andrew Fishkin	http://aksw.org/notInWiki/Andrew_Fishkin
Andrew Nickelhoff	http://aksw.org/notInWiki/Andrew_Nickelhoff
Andrew Strauss	http://dbpedia.org/resource/Andrew_Strauss
Andrew Struass	http://dbpedia.org/resource/Andrew_Strauss
Andrew Sussman	http://aksw.org/notInWiki/Andrew_Sussman
Andy Hall	http://aksw.org/notInWiki/Andy_Hall
Angel Di Maria	http://dbpedia.org/resource/Ángel_di_María
Angela Chan	http://aksw.org/notInWiki/Angela_Chan
Angelique Kerber	http://dbpedia.org/resource/Angelique_Kerber
Anglo American Chairman	http://aksw.org/notInWiki/Anglo_American_Chairman's_Fund
Angus Houston	http://dbpedia.org/resource/Angus_Houston
Animal Industry	http://aksw.org/notInWiki/Department_of_Animal_Industry
Anthony Majestro	http://aksw.org/notInWiki/Anthony_Majestro
Antiques Centre	http://aksw.org/notInWiki/Antiques_Centre_of_Troy
Appalachian	http://dbpedia.org/resource/Appalachian_Trail_Conservancy
Appalachian Power	http://dbpedia.org/resource/Appalachian_Power
Apple	http://dbpedia.org/resource/Apple_Inc.
Apple Inc.	http://dbpedia.org/resource/Steve_Jobs
Archdiocese	http://dbpedia.org/resource/Roman_Catholic_Archdiocese_of_Portland_in_Oregon
Argentina	http://dbpedia.org/resource/Argentina_national_football_team
Arizona Cardinals	http://dbpedia.org/resource/Arizona_Cardinals
Army	http://dbpedia.org/resource/United_States_Army
Army Gen. Martin Dempsey	http://dbpedia.org/resource/Martin_Dempsey
Army General Martin E. Dempsey	http://dbpedia.org/resource/Martin_Dempsey
Arthur Caplan	http://dbpedia.org/resource/Arthur_Caplan
Arthur Kwesi-John	http://aksw.org/notInWiki/Arthur_Kwesi-John
Asif Shahzad	http://aksw.org/notInWiki/Asif_Shahzad
Associated Press	http://dbpedia.org/resource/Associated_Press
Athens Regional	http://dbpedia.org/resource/Athens_Regional_Medical_Center
Athens Regional Medical Center	http://dbpedia.org/resource/Athens_Regional_Medical_Center
Atlanta	http://dbpedia.org/resource/Atlanta
Aurora	http://dbpedia.org/resource/Aurora,_Colorado
Australia	http://dbpedia.org/resource/Casey_Dellacqua
Automotive Consulting Group Inc.	http://aksw.org/notInWiki/Automotive_Consulting_Group_Inc.
B. Riley & Co	http://aksw.org/notInWiki/B._Riley_&_Co
B.C. Civil Rights Association	http://aksw.org/notInWiki/B.C._Civil_Rights_Association
BALCO	http://dbpedia.org/resource/Bay_Area_Laboratory_Co-operative
BIMP-EAGA Mountain Bike	http://dbpedia.org/resource/BIMP-EAGA
BMC	http://dbpedia.org/resource/BMC_Racing_Team
Bafetimbi Gomis	http://dbpedia.org/resource/Bafétimbi_Gomis
Baffert	http://dbpedia.org/resource/Bob_Baffert
Baltimore	http://dbpedia.org/resource/Baltimore_Orioles
Baltimore Orioles	http://dbpedia.org/resource/Baltimore_Orioles
Bangor	http://dbpedia.org/resource/Bangor,_Iowa
Bannock Streets	http://aksw.org/notInWiki/Bannock_Streets
Banny Banerjee	http://aksw.org/notInWiki/Banny_Banerjee
Barbara Yeninas	http://aksw.org/notInWiki/Barbara_Yeninas
Barclays	http://dbpedia.org/resource/Barclays
Bart Ney	http://aksw.org/notInWiki/Bart_Ney
Bay Area	http://dbpedia.org/resource/San_Francisco_Bay_Area
Bay Bridge	http://dbpedia.org/resource/San_Francisco_–_Oakland_Bay_Bridge
Bazzie	http://aksw.org/notInWiki/Bazzie
Becky	http://aksw.org/notInWiki/Becky
Bed Bath	http://dbpedia.org/resource/Bed_Bath_&_Beyond
Bednarik	http://dbpedia.org/resource/Chuck_Bednarik_Award
Beijing	http://dbpedia.org/resource/Beijing
Belgrade Lakes	http://dbpedia.org/resource/Belgrade,_Maine
Ben Tanzer	http://aksw.org/notInWiki/Ben_Tanzer
Benhabib	http://aksw.org/notInWiki/Djemila_Benhabib
Benner	http://aksw.org/notInWiki/Norman_Benner
Bernard Hinault	http://dbpedia.org/resource/Bernard_Hinault
Bernard Tomic	http://dbpedia.org/resource/Bernard_Tomic
Bethanie Mattek-Sands	http://dbpedia.org/resource/Bethanie_Mattek-Sands
Beverly Heritage Center	http://aksw.org/notInWiki/Beverly_Heritage_Center
Beverly Jo Harris	http://aksw.org/notInWiki/Beverly_Jo_Harris
Bill Ericson	http://aksw.org/notInWiki/Bill_Ericson
Bill Lee	http://aksw.org/notInWiki/Bill_Lee
Bill McDonough	http://aksw.org/notInWiki/Bill_McDonough
Binno	http://aksw.org/notInWiki/Angelo_Binno
Bluescope	http://dbpedia.org/resource/BlueScope_Steel
Bo Xilai	http://dbpedia.org/resource/Bo_Xilai
Bob Anderson	http://aksw.org/notInWiki/Bob_Anderson
Bob Emrich	http://aksw.org/notInWiki/Bob_Emrich
Bob Hamer	http://aksw.org/notInWiki/Bob_Hamer
Bob Martin	http://aksw.org/notInWiki/Bob_Martin
Bob Young	http://aksw.org/notInWiki/Bob_Young
Bobby Egbert	http://aksw.org/notInWiki/Bobby_Egbert
Bobby Valentine	http://dbpedia.org/resource/Bobby_Valentine
Bobby Wyatt	http://aksw.org/notInWiki/Bobby_Wyatt
Boeremag	http://dbpedia.org/resource/Boeremag
Boingo Wireless	http://dbpedia.org/resource/Boingo_Wireless
Boise Fire Department	http://aksw.org/notInWiki/Boise_Fire_Department
Boise National Forest	http://dbpedia.org/resource/Boise_National_Forest
Bologna	http://dbpedia.org/resource/Bologna
Boomer Esiason	http://dbpedia.org/resource/Boomer_Esiason
Bordt	http://aksw.org/notInWiki/Marianne_Bordt
Boston	http://dbpedia.org/resource/Boston
Boston	http://dbpedia.org/resource/Boston_Red_Sox
Boston Red Sox	http://dbpedia.org/resource/Boston_Red_Sox
Boulevard	http://aksw.org/notInWiki/Boulevard_and_Trumbull_Towing
Bowl	http://dbpedia.org/resource/Pro_Bowl
Brad Pitt	http://dbpedia.org/resource/Brad_Pitt
Bradford Wilcox	http://dbpedia.org/resource/W._Bradford_Wilcox
Brady Smith	http://aksw.org/notInWiki/Brady_Smith
Brandon Belt	http://dbpedia.org/resource/Brandon_Belt
Brendan Cassar	http://aksw.org/notInWiki/Brendan_Cassar
Brian Hemphill	http://aksw.org/notInWiki/Brian_Hemphill
Brian Smith	http://aksw.org/notInWiki/Brian_Smith_(Coach)
Bridgemont Community	http://aksw.org/notInWiki/Bridgemont_Community
Bridgemont Community	http://dbpedia.org/resource/Bridgemont_Community_and_Technical_College
Brinker	http://dbpedia.org/resource/Nancy_Brinker
Britain	http://dbpedia.org/resource/Great_Britain
British Airways	http://dbpedia.org/resource/British_Airways
Brody Benson	http://aksw.org/notInWiki/Brody_Benson
Brooklyn	http://dbpedia.org/resource/Brooklyn
Bruce Bochy	http://dbpedia.org/resource/Bruce_Bochy
Bruno Ferrante	http://dbpedia.org/resource/Bruno_Ferrante
Buck Feist	http://aksw.org/notInWiki/Buck_Feist
Bud Bunce	http://aksw.org/notInWiki/Bud_Bunce
Bulls	http://dbpedia.org/resource/Chicago_Bulls
Bureau	http://dbpedia.org/resource/United_States_Bureau_of_Reclamation
Bureau of Land Management	http://dbpedia.org/resource/Bureau_of_Land_Management
Bustos	http://aksw.org/notInWiki/Ilda_Bustos
Butler Art Museum	http://aksw.org/notInWiki/Butler_Art_Museum
CBS	http://dbpedia.org/resource/CBS
CBS NFL	http://aksw.org/notInWiki/CBS_NFL
CBS News	http://dbpedia.org/resource/CBS_News
CBS Sports	http://dbpedia.org/resource/CBS_Sports
CCA	http://dbpedia.org/resource/Corrections_Corporation_of_America
CCTV	http://dbpedia.org/resource/China_Central_Television
CEA	http://aksw.org/notInWiki/Changi_Experience_Agents
CIA	http://dbpedia.org/resource/Central_Intelligence_Agency
CNET	http://dbpedia.org/resource/CNET
CNN	http://dbpedia.org/resource/CNN
CNOOC	http://dbpedia.org/resource/China_National_Offshore_Oil_Corporation
CVS MinuteClinic	http://aksw.org/notInWiki/CVS_MinuteClinic
Cain	http://aksw.org/notInWiki/Brandon_Cain
California	http://dbpedia.org/resource/California
California	http://dbpedia.org/resource/Occupational_safety_and_health
California Department	http://aksw.org/notInWiki/California_Department_of_Forestry_and_Fire_Protection
Callaghan	http://aksw.org/notInWiki/Callaghan
Canada	http://dbpedia.org/resource/General_Motors_Canada
CapStone Investments	http://aksw.org/notInWiki/CapStone_Investments
Capital Art Center	http://aksw.org/notInWiki/Capital_Art_Center
Capt. Dale Engle	http://aksw.org/notInWiki/Dale_Engle
Cardinals	http://dbpedia.org/resource/Arizona_Cardinals
Carlo Fusco	http://aksw.org/notInWiki/Carlo_Fusco
Carnival	http://aksw.org/notInWiki/Carnival_Corporation_&_PLC
Carolina	http://dbpedia.org/resource/Carolina_Panthers
Carolyn Beem	http://aksw.org/notInWiki/Carolyn_Beem
Carrie Byalick	http://aksw.org/notInWiki/Carrie_Byalick
Carroll College	http://dbpedia.org/resource/Carroll_College_(Montana)
Casey	http://aksw.org/notInWiki/Casey_Guerrero
Cashier 's Office	http://aksw.org/notInWiki/Council_Desmond_Thomas_Cashier_'s_Office
Castles Unlimited Real Estate	http://aksw.org/notInWiki/Castles_Unlimited_Real_Estate
Catherine Crump	http://aksw.org/notInWiki/Catherine_Crump
Catherine Lucey	http://aksw.org/notInWiki/Catherine_Lucey
Cathy Moses	http://aksw.org/notInWiki/Cathy_Moses
Cecile Richards	http://dbpedia.org/resource/Cecile_Richards
Celine Dumerc	http://dbpedia.org/resource/Céline_Dumerc
Centers	http://dbpedia.org/resource/Centers_for_Disease_Control_and_Prevention
Central	http://aksw.org/notInWiki/Miami_Central
Cesare Prandelli	http://dbpedia.org/resource/Cesare_Prandelli
Chad Johnson	http://aksw.org/notInWiki/Chad_Johnson_(wide_receiver)
Chad Johnson	http://dbpedia.org/resource/Chad_Johnson_(cornerback)
Chad Lojewski	http://aksw.org/notInWiki/Chad_Lojewski
Chad Oakley	http://aksw.org/notInWiki/Chad_Oakley
Champion	http://aksw.org/notInWiki/Robert_Champion
Chandler	http://aksw.org/notInWiki/Chandler,_Arizona
Charles Aris	http://aksw.org/notInWiki/Charles_Aris
Charles Aznavour	http://dbpedia.org/resource/Charles_Aznavour
Charles Elachi	http://dbpedia.org/resource/Charles_Elachi
Charles J. Micoleau	http://aksw.org/notInWiki/Charles_J._Micoleau
Charleston Civic Center Little Theater	http://aksw.org/notInWiki/Charleston_Civic_Center_Little_Theater
Charlie	http://aksw.org/notInWiki/Charlie
Chart House	http://aksw.org/notInWiki/Chart_House
Chelsea	http://dbpedia.org/resource/Chelsea_F.C.
Chen	http://aksw.org/notInWiki/Chen_Chung-hsing
Cherokee Village	http://dbpedia.org/resource/Cherokee_Village,_Arkansas
Chevron	http://dbpedia.org/resource/Chevron_Corporation
Chi Hui-jung	http://aksw.org/notInWiki/Chi_Hui-jung
Chicago	http://dbpedia.org/resource/Chicago
Chicago White Sox	http://dbpedia.org/resource/Chicago_White_Sox
Chief Cathy Lanier	http://dbpedia.org/resource/Cathy_L._Lanier
Children 's Hospital	http://dbpedia.org/resource/Cincinnati_Children's_Hospital_Medical_Center
Chile	http://dbpedia.org/resource/Chilean_Gendarmerie
China	http://dbpedia.org/resource/China
China Times	http://dbpedia.org/resource/China_Times
Chinese Association for Protecting the Diaoyutais	http://aksw.org/notInWiki/Chinese_Association_for_Protecting_the_Diaoyutais
Chiu Chun-wen	http://aksw.org/notInWiki/Chiu_Chun-wen
Choice Bakery	http://aksw.org/notInWiki/Choice_Bakery
Chris Enochs	http://aksw.org/notInWiki/Chris_Enochs
Chris Jones	http://aksw.org/notInWiki/Chris_Jones
Chris Lin	http://aksw.org/notInWiki/Chris_Lin
Chris Stadelman	http://aksw.org/notInWiki/Chris_Stadelman
Chris Wood	http://aksw.org/notInWiki/Chris_Wood_(Coach)
Christian Gunning	http://aksw.org/notInWiki/Christian_Gunning
Christine Mann	http://aksw.org/notInWiki/Christine_Mann
Christopher Clark	http://aksw.org/notInWiki/Christopher_Clark
Christopher Matthews	http://aksw.org/notInWiki/Christopher_Matthews
Chrysler	http://dbpedia.org/resource/Chrysler
Chung Ru Lin	http://aksw.org/notInWiki/Chung_Ru_Lin
Churkin	http://dbpedia.org/resource/Vitaly_Churkin
Cianbro	http://aksw.org/notInWiki/Cianbro
Cincinnati	http://dbpedia.org/resource/Eric_Kearney
Citizens for Responsibility and Ethics in Washington	http://dbpedia.org/resource/Citizens_for_Responsibility_and_Ethics_in_Washington
City	http://aksw.org/notInWiki/City_of_Colleges
Clark	http://aksw.org/notInWiki/Rick_Clark
Clark-Johnson	http://aksw.org/notInWiki/Sue_Clark-Johnson
Classic Auto Showplace Ltd.	http://aksw.org/notInWiki/Classic_Auto_Showplace_Ltd.
Claudio Sabatini	http://aksw.org/notInWiki/Claudio_Sabatini
Clem Sunter	http://aksw.org/notInWiki/Clem_Sunter
Cleveland	http://dbpedia.org/resource/Cleveland_Browns
Cleveland	http://dbpedia.org/resource/Cleveland_Indians
Clinton	http://dbpedia.org/resource/Clinton,_Ontario
Coal Council	http://aksw.org/notInWiki/American_Coal_Council
Coalition Avenir Quebec	http://dbpedia.org/resource/Coalition_Avenir_Québec
Coconino National Forest	http://dbpedia.org/resource/Coconino_National_Forest
Col. Hagen Messer	http://aksw.org/notInWiki/Hagen_Messer
Colorado	http://aksw.org/notInWiki/Colorado_College_Tigers
Columbus	http://dbpedia.org/resource/Columbus,_Ohio
Colville Tribe	http://dbpedia.org/resource/Colville_tribe
Commission	http://aksw.org/notInWiki/Commission
Communist Party	http://dbpedia.org/resource/Communist_Party_of_China
Connecticut	http://aksw.org/notInWiki/Connecticut_Huskies_women's_basketball
Control Yuan	http://dbpedia.org/resource/Control_Yuan
Conway	http://dbpedia.org/resource/Conway,_Arkansas
Corey Mulloy	http://aksw.org/notInWiki/Corey_Mulloy
Cornell	http://dbpedia.org/resource/Cornell_University
Cory Curtis	http://aksw.org/notInWiki/Cory_Curtis
Cosmo	http://dbpedia.org/resource/Cosmopolitan_(magazine)
Costa-Castillo	http://aksw.org/notInWiki/Costa-Castillo
Council	http://aksw.org/notInWiki/Council_on_American-Islamic_Relations-Michigan
Cowboys	http://dbpedia.org/resource/Dallas_Cowboys
Craftsmen Guild	http://aksw.org/notInWiki/Carolina_Designer_Craftsmen_Guild
Craig Johnson	http://aksw.org/notInWiki/Craig_Johnson
Cupsuptic Lake	http://aksw.org/notInWiki/Cupsuptic_Lake
D.C.	http://dbpedia.org/resource/Washington,_D.C.
DIA	http://dbpedia.org/resource/Denver_International_Airport
DMV	http://dbpedia.org/resource/Department_of_Motor_Vehicles
DPS	http://dbpedia.org/resource/Department_of_Public_Safety
Daily News	http://aksw.org/notInWiki/Daily_News
Daily News	http://dbpedia.org/resource/Philadelphia_Daily_News
Daiwa Capital Markets	http://aksw.org/notInWiki/Daiwa_Capital_Markets
Dale Earnhardt Jr.	http://dbpedia.org/resource/Dale_Earnhardt,_Jr.
Dallas Educational Foundation	http://aksw.org/notInWiki/Dallas_Educational_Foundation
Dan Bell	http://aksw.org/notInWiki/Dan_Bell
Dan Marino	http://dbpedia.org/resource/Dan_Marino
Dan McCranie	http://aksw.org/notInWiki/Dan_McCranie
Dan Rooney	http://dbpedia.org/resource/Dan_Rooney
Dan Tilkin	http://aksw.org/notInWiki/Dan_Tilkin
Dan Walsch	http://aksw.org/notInWiki/Dan_Walsch
Daniel Berlant	http://aksw.org/notInWiki/Daniel_Berlant
Daniel Yergin	http://dbpedia.org/resource/Daniel_Yergin
Danny Kanner	http://aksw.org/notInWiki/Danny_Kanner
Darrell Brock	http://aksw.org/notInWiki/Darrell_Brock
Darrell Brock	http://dbpedia.org/resource/Darrell_Brock_Jr.
Darryl Larson	http://aksw.org/notInWiki/Darryl_Larson
Daryl Johnson	http://dbpedia.org/resource/Daryl_Johnson
Dave Nagle	http://aksw.org/notInWiki/Dave_Nagle
Dave Olson	http://aksw.org/notInWiki/Dave_Olson
David Clack	http://aksw.org/notInWiki/David_Clack
David Eby	http://aksw.org/notInWiki/David_Eby
David Neustadt	http://aksw.org/notInWiki/David_Neustadt
David Runk	http://aksw.org/notInWiki/David_Runk
David Shepardson	http://aksw.org/notInWiki/David_Shepardson
Davie	http://dbpedia.org/resource/Davie,_Florida
Dawn Benner	http://aksw.org/notInWiki/Dawn_Benner
Dawud Walid	http://aksw.org/notInWiki/Dawud_Walid
Daytona	http://dbpedia.org/resource/Daytona_Beach,_Florida
Debbie Kozak	http://aksw.org/notInWiki/Debbie_Kozak
Decatur	http://dbpedia.org/resource/Decatur,_Georgia
Defense Force	http://dbpedia.org/resource/Australian_Defence_Force
Defense Ministry	http://dbpedia.org/resource/Ministry_of_Defence_(Czech_Republic)
Delta	http://dbpedia.org/resource/Delta_Air_Lines
Demailly	http://aksw.org/notInWiki/Gilles_Demailly
Dennis Huang	http://aksw.org/notInWiki/Dennis_Huang
Dennis Virag	http://aksw.org/notInWiki/Dennis_Virag
Denver	http://dbpedia.org/resource/Denver
Department	http://dbpedia.org/resource/United_States_Department_of_Education
Deputy PM	http://aksw.org/notInWiki/Deputy_PM
Detroit	http://dbpedia.org/resource/Detroit
Detroit Federation of Teachers	http://aksw.org/notInWiki/Detroit_Federation_of_Teachers
Detroit News	http://dbpedia.org/resource/The_Detroit_News
Development Authority	http://aksw.org/notInWiki/Development_Authority
Diane Ako	http://aksw.org/notInWiki/Diane_Ako
Diane DeCillis	http://aksw.org/notInWiki/Diane_DeCillis
Diaoyu	http://dbpedia.org/resource/Senkaku_Islands
Dish	http://dbpedia.org/resource/Dish_Network
Dish Network	http://dbpedia.org/resource/Dish_Network
Doc Holliday	http://dbpedia.org/resource/Doc_Holliday_(American_football)
Dodgers	http://dbpedia.org/resource/Los_Angeles_Dodgers
Dolphins	http://dbpedia.org/resource/Miami_Dolphins
Don Mattingly	http://dbpedia.org/resource/Don_Mattingly
Donald Young	http://dbpedia.org/resource/Donald_Young_(tennis)
Donna Williams	http://aksw.org/notInWiki/Donna_Williams
Donnan	http://aksw.org/notInWiki/Donnan
Donny Schatz	http://dbpedia.org/resource/Donny_Schatz
Douglas Arthur	http://aksw.org/notInWiki/Douglas_Arthur
Douglas Inn	http://aksw.org/notInWiki/Douglas_Inn
Dr. Moran	http://aksw.org/notInWiki/Benjamin_J._Moran
Dr. Rahul Gupta	http://aksw.org/notInWiki/Rahul_Gupta
Dr. Roe	http://aksw.org/notInWiki/Benson_Roe
Dr. Sheila Pinette	http://aksw.org/notInWiki/Sheila_Pinette
Dr. Tim Richards	http://aksw.org/notInWiki/Tim_Richards
Dragon	http://aksw.org/notInWiki/JHS_Dragons
Drew Karedes	http://aksw.org/notInWiki/Drew_Karedes
DuMouchelle Art Galleries	http://aksw.org/notInWiki/DuMouchelle_Art_Galleries
Duncan	http://dbpedia.org/resource/Arne_Duncan
Dunkin' Donuts	http://dbpedia.org/resource/Dunkin'_Donuts
ESPN	http://dbpedia.org/resource/ESPN_(United_States)
Eagle View Farms	http://aksw.org/notInWiki/Eagle_View_Farms
Earle	http://aksw.org/notInWiki/Liza_Earle
East Jackson	http://aksw.org/notInWiki/East_Jackson
Ed Tolley	http://aksw.org/notInWiki/Ed_Tolley
Edison Electric Institute	http://dbpedia.org/resource/Edison_Electric_Institute
Education	http://dbpedia.org/resource/American_Council_on_Education
Education Department	http://dbpedia.org/resource/Department_for_Education
Education Secretary Arne Duncan	http://dbpedia.org/resource/Arne_Duncan
Edwards Air Force Base	http://dbpedia.org/resource/Edwards_Air_Force_Base
Elder Walker	http://aksw.org/notInWiki/Elder_Walker
Elie Baup	http://dbpedia.org/resource/Élie_Baup
Elop	http://dbpedia.org/resource/Stephen_Elop
Emma	http://aksw.org/notInWiki/Emma_Veary
Eneco Tour	http://dbpedia.org/resource/Eneco_Tour
England	http://dbpedia.org/resource/England_cricket_team
English	http://dbpedia.org/resource/England_cricket_team
English Premier League	http://dbpedia.org/resource/Premier_League
Engstrom	http://aksw.org/notInWiki/Rob_Engstrom
Environmental Defense	http://dbpedia.org/resource/Environmental_Defense_Fund
Environmental Entrepreneurs	http://aksw.org/notInWiki/Environmental_Entrepreneurs
Eric Anton	http://aksw.org/notInWiki/Eric_Anton
Eric Gregory	http://aksw.org/notInWiki/Eric_Gregory
Eric Tucker	http://aksw.org/notInWiki/Eric_Tucker
Eric Wedge	http://dbpedia.org/resource/Eric_Wedge
Erika Monterroza	http://aksw.org/notInWiki/Erika_Monterroza
Erskine	http://aksw.org/notInWiki/Erskine
Eslite	http://dbpedia.org/resource/Eslite_Bookstore
European Commission	http://dbpedia.org/resource/European_Commission
Evangel Christian	http://aksw.org/notInWiki/Evangel_Christian
Evans	http://aksw.org/notInWiki/Skip_Evans
Evans Disposal	http://aksw.org/notInWiki/Evans_Disposal
Evercore Partners	http://dbpedia.org/resource/Evercore_Partners
Ewa Beach	http://dbpedia.org/resource/ʻEwa_Beach,_Hawaii
Executive Yuan	http://dbpedia.org/resource/Executive_Yuan
FA Cup	http://dbpedia.org/resource/FA_Cup
FAO	http://dbpedia.org/resource/Food_and_Agriculture_Organization
FBI	http://dbpedia.org/resource/Federal_Bureau_of_Investigation
FCC	http://dbpedia.org/resource/Federal_Communications_Commission
Falmouth\/Cumberland Community Chamber	http://aksw.org/notInWiki/Falmouth\/Cumberland_Community_Chamber
Fame	http://dbpedia.org/resource/Hall_of_fame
Fayetteville	http://dbpedia.org/resource/Fayetteville,_West_Virginia
February	http://dbpedia.org/resource/February
Federal Highway Administration	http://dbpedia.org/resource/Federal_Highway_Administration
Federation	http://dbpedia.org/resource/CEGEP
Federer	http://dbpedia.org/resource/Roger_Federer
Felix Hernandez	http://dbpedia.org/resource/Félix_Hernández
Ferguson	http://aksw.org/notInWiki/Bobby_Ferguson
Fikile Mbalula	http://dbpedia.org/resource/Fikile_Mbalula
Financial Supervisory Commission	http://dbpedia.org/resource/Financial_Supervisory_Commission_(Republic_of_China)
Fiore	http://aksw.org/notInWiki/Gasper_Fiore
First Student Collinsville	http://dbpedia.org/resource/First_Student_(United_States)
Floyd Corkins	http://aksw.org/notInWiki/Floyd_Corkins
Foley	http://dbpedia.org/resource/Foley,_Alabama
Football Association of Ireland	http://dbpedia.org/resource/Football_Association_of_Ireland
Foote	http://aksw.org/notInWiki/Harry_Foote
Foreign Affairs	http://dbpedia.org/resource/Ministry_of_Foreign_Affairs_(Republic_of_China)
Former Major League	http://dbpedia.org/resource/Major_League_Baseball
Former Marshall University	http://dbpedia.org/resource/Marshall_University
Fox	http://dbpedia.org/resource/Fox
France	http://dbpedia.org/resource/France_national_football_team
France	http://dbpedia.org/resource/France_women's_national_basketball_team
France	http://dbpedia.org/resource/Tour_de_France
Francois Legault	http://dbpedia.org/resource/François_Legault
Frank Bajak	http://aksw.org/notInWiki/Frank_Bajak
Frank Bennack Jr	http://aksw.org/notInWiki/Frank_Bennack_Jr
Freddy Lim	http://aksw.org/notInWiki/Freddy_Lim
Frenchman Laurent Fignon	http://dbpedia.org/resource/Laurent_Fignon
Fuji Rock	http://aksw.org/notInWiki/Fuji_Rock
Fyodor Lukyanov	http://aksw.org/notInWiki/Fyodor_Lukyanov
GM	http://dbpedia.org/resource/General_Motors
GOP	http://dbpedia.org/resource/Republican_Party_(United_States)
Gabor Vona	http://dbpedia.org/resource/Gábor_Vona
Gabriel Boric	http://aksw.org/notInWiki/Gabriel_Boric
Gabriele	http://aksw.org/notInWiki/Paolo_Gabriele
Gala Riani	http://aksw.org/notInWiki/Gala_Riani
Galipeau	http://aksw.org/notInWiki/Galipeau
Gander Mountain	http://dbpedia.org/resource/Gander_Mountain
Gannett	http://dbpedia.org/resource/Gannett_Company
Gary Edwards	http://aksw.org/notInWiki/Gary_Edwards
Gatineau	http://dbpedia.org/resource/Gatineau
Gayle	http://dbpedia.org/resource/Chris_Gayle
Gazette	http://dbpedia.org/resource/The_Charleston_Gazette
Gene	http://aksw.org/notInWiki/Gene_Griffiss
Geno Auriemma	http://dbpedia.org/resource/Geno_Auriemma
George Mason	http://dbpedia.org/resource/George_Mason_University
George Mason University	http://dbpedia.org/resource/George_Mason_University
George Tenet	http://dbpedia.org/resource/George_Tenet
George Washington	http://dbpedia.org/resource/George_Washington_Colonials
Georgia	http://dbpedia.org/resource/Georgia_(country)
Geothermal Energy Association	http://dbpedia.org/resource/Geothermal_Energy_Association
Gerald Evelyn	http://aksw.org/notInWiki/Gerald_Evelyn
Giang	http://aksw.org/notInWiki/Giang
Giants	http://dbpedia.org/resource/New_York_Giants
Giovanni Trapattoni	http://dbpedia.org/resource/Giovanni_Trapattoni
Giroux	http://aksw.org/notInWiki/Giroux
Glenn Hong	http://aksw.org/notInWiki/Glenn_Hong
Golden Globe	http://dbpedia.org/resource/Golden_Globe_Award
Goldman Sachs	http://dbpedia.org/resource/Goldman_Sachs
Gonzalez	http://dbpedia.org/resource/Gio_Gonzalez
Gonzalo Solano	http://aksw.org/notInWiki/Gonzalo_Solano
Grammy	http://dbpedia.org/resource/Grammy_Award
Grand Cathay	http://aksw.org/notInWiki/Grand_Cathay
Greater Portland Landmarks	http://aksw.org/notInWiki/Greater_Portland_Landmarks
Greg Shipley	http://aksw.org/notInWiki/Greg_Shipley
Gregoire	http://aksw.org/notInWiki/Gregoire
Gregoire	http://dbpedia.org/resource/Christine_Gregoire
Guerrero	http://dbpedia.org/resource/Robert_Guerrero
Halekulani PR	http://aksw.org/notInWiki/Halekulani_PR
Hampden	http://dbpedia.org/resource/Hampden_Academy
Hanwha Group	http://aksw.org/notInWiki/Hanwha_Group
Har-Ber	http://aksw.org/notInWiki/Har-Ber
Harbin Pacific Electric	http://aksw.org/notInWiki/Harbin_Pacific_Electric
Harmonix	http://dbpedia.org/resource/Harmonix_Music_Systems
Harold Reynolds	http://dbpedia.org/resource/Harold_Reynolds
Haskell	http://aksw.org/notInWiki/Haskell_Invitational_Stakes
Hassan Jaber	http://aksw.org/notInWiki/Hassan_Jaber
Hawaii Cattlemen	http://aksw.org/notInWiki/Hawaii_Cattlemens_Council
Health Policy Center	http://aksw.org/notInWiki/Health_Policy_Center
Health Statistics	http://dbpedia.org/resource/National_Center_for_Health_Statistics
Heard	http://aksw.org/notInWiki/Robert_Stefan_Heard
Hearst Corp.	http://dbpedia.org/resource/Hearst_Corporation
Heather Taylor-Miesle	http://aksw.org/notInWiki/Heather_Taylor-Miesle
Helen Gurley Brown	http://dbpedia.org/resource/Helen_Gurley_Brown
Helen Hodge	http://aksw.org/notInWiki/Helen_Hodge
Hendrick Motorsports	http://dbpedia.org/resource/Hendrick_Motorsports
Henry Kennedy	http://dbpedia.org/resource/Henry_H._Kennedy,_Jr.
Herm Edwards	http://dbpedia.org/resource/Herman_Edwards
Hernandez	http://dbpedia.org/resource/Félix_Hernández
Hezbollah	http://dbpedia.org/resource/Hezbollah
Hidenori Sakanaka	http://aksw.org/notInWiki/Hidenori_Sakanaka
Highland	http://aksw.org/notInWiki/Highland_Rugby
Highland Capital Partners	http://dbpedia.org/resource/Highland_Capital_Partners
Highland High School	http://aksw.org/notInWiki/Highland_High_School_(Arkansas)
Hilario Ladra	http://aksw.org/notInWiki/Hilario_Ladra
Hilary Bassett	http://aksw.org/notInWiki/Hilary_Bassett
Hillary Clinton	http://dbpedia.org/resource/Hillary_Rodham_Clinton
Hillary Cohen	http://aksw.org/notInWiki/Hillary_Cohen
Hollande	http://dbpedia.org/resource/Socialist_Party_(France)
Holloway	http://aksw.org/notInWiki/Corrie_Holloway
Home Cooking School	http://aksw.org/notInWiki/Home_Cooking_School
Homeland Security	http://dbpedia.org/resource/United_States_Department_of_Homeland_Security
Honican	http://aksw.org/notInWiki/Ashley_Honican
Honolulu	http://aksw.org/notInWiki/Ralph_Honma
Hooker	http://aksw.org/notInWiki/Hooker_Furniture
Hoover	http://dbpedia.org/resource/Hoover,_Alabama
Hope Foundation	http://aksw.org/notInWiki/Garden_of_Hope_Foundation
Hospital	http://dbpedia.org/resource/National_Taiwan_University_Hospital
House Democratic	http://aksw.org/notInWiki/House_Democratic
Houston Airports	http://dbpedia.org/resource/Houston_Airport
Hsieh	http://aksw.org/notInWiki/Hsieh_Mang-lin
Hu	http://aksw.org/notInWiki/Hu_Sheng-cheng
Hu	http://aksw.org/notInWiki/Hu_Yu-wei
Hu	http://dbpedia.org/resource/Hu_Jintao
Hu Zhanfan	http://aksw.org/notInWiki/Hu_Zhanfan
Hulyk	http://aksw.org/notInWiki/Erin_Hulyk
Hurricane	http://aksw.org/notInWiki/Hurricane_Redskins
Husted	http://dbpedia.org/resource/Jon_A._Husted
I.I.H.S.	http://dbpedia.org/resource/Insurance_Institute_for_Highway_Safety
IHS Cambridge Energy Research Associates	http://aksw.org/notInWiki/IHS_Cambridge_Energy_Research_Associates
ILVA	http://dbpedia.org/resource/ILVA
IRENE HIRANO INOUYE	http://aksw.org/notInWiki/IRENE_HIRANO_INOUYE
Illinois	http://dbpedia.org/resource/Illinois
In-Game	http://dbpedia.org/resource/Virtual_world
Indianapolis	http://dbpedia.org/resource/Indianapolis
Indians	http://dbpedia.org/resource/Cleveland_Indians
Indies	http://dbpedia.org/resource/West_Indies_cricket_team
Industrial Foundation	http://aksw.org/notInWiki/Woodward_Industrial_Foundation
International Joint	http://aksw.org/notInWiki/International_Joint_Command
Internet REIT	http://aksw.org/notInWiki/Internet_REIT
Ir Amim	http://dbpedia.org/resource/Ir_Amim
Ireland	http://dbpedia.org/resource/Ireland,_West_Virginia
Irina Dannenberg	http://aksw.org/notInWiki/Irina_Dannenberg
Irma Gorham	http://aksw.org/notInWiki/Irma_Gorham
Italy	http://aksw.org/notInWiki/Italian_Rhythmic_Gymnastics_Team
Italy	http://dbpedia.org/resource/Italy_national_football_team
Ivan Sorbel	http://aksw.org/notInWiki/Ivan_Sorbel
Jackson County	http://aksw.org/notInWiki/Jackson_County_Volleyball
Jacqueline Maguire	http://aksw.org/notInWiki/Jacqueline_Maguire
Jahlil	http://aksw.org/notInWiki/Jahlil
Jan Mendoza	http://aksw.org/notInWiki/Jan_Mendoza
Jana Zechmeisterová	http://aksw.org/notInWiki/Jana_ZechmeisterovÃ¡
Jang	http://dbpedia.org/resource/Chang_Sung-taek
Japan	http://dbpedia.org/resource/Japan
Japan Immigration Policy Institute	http://aksw.org/notInWiki/Japan_Immigration_Policy_Institute
Jaycee Caylor	http://aksw.org/notInWiki/Jaycee_Caylor
Jean Beauchesne	http://aksw.org/notInWiki/Jean_Beauchesne
Jeff Barnard	http://aksw.org/notInWiki/Jeff_Barnard
Jeff Bezos	http://dbpedia.org/resource/Jeff_Bezos
Jeff Crowe	http://dbpedia.org/resource/Jeff_Crowe
Jeff Myers	http://aksw.org/notInWiki/Jeff_Myers
Jenkins	http://aksw.org/notInWiki/Jenkins
Jennifer Aniston	http://dbpedia.org/resource/Jennifer_Aniston
Jeremy Payne	http://aksw.org/notInWiki/Jeremy_Payne
Jerry Rice	http://dbpedia.org/resource/Jerry_Rice
Jesse Jackson Jr.	http://dbpedia.org/resource/Jesse_Jackson,_Jr.
Jesse Levine	http://dbpedia.org/resource/Jesse_Levine
Jessica Joyce	http://aksw.org/notInWiki/Jessica_Joyce
Jessica Sidman	http://aksw.org/notInWiki/Jessica_Sidman
Jet Propulsion Laboratory	http://dbpedia.org/resource/Jet_Propulsion_Laboratory
Jim Cain	http://aksw.org/notInWiki/Jim_Cain
Jim Donnan	http://dbpedia.org/resource/Jim_Donnan
Jim Lowenstern	http://aksw.org/notInWiki/Jim_Lowenstern
Jim Owen	http://aksw.org/notInWiki/Jim_Owen
Jobbik	http://dbpedia.org/resource/Jobbik
Jodi Tinson	http://aksw.org/notInWiki/Jodi_Tinson
Joe Ford	http://aksw.org/notInWiki/Joe_Ford
Joey Cabell	http://aksw.org/notInWiki/Joey_Cabell
Joey Jackson	http://aksw.org/notInWiki/Joey_Jackson
Johanna Larsson	http://dbpedia.org/resource/Johanna_Larsson_(tennis)
John	http://dbpedia.org/resource/John_Calipari
John Haire	http://aksw.org/notInWiki/John_Haire
John Hall	http://aksw.org/notInWiki/John_Hall
John Hersom	http://aksw.org/notInWiki/John_Hersom
John Holahan	http://aksw.org/notInWiki/John_Holahan
John Legend	http://dbpedia.org/resource/John_Legend
John Smoltz	http://dbpedia.org/resource/John_Smoltz
John Terry	http://dbpedia.org/resource/John_Terry
John Truscott	http://aksw.org/notInWiki/John_Truscott
Johnny Pesky	http://dbpedia.org/resource/Johnny_Pesky
Joint Chiefs	http://dbpedia.org/resource/Joint_Chiefs_of_Staff
Jon Hurst	http://aksw.org/notInWiki/Jon_Hurst
Jon Klein	http://dbpedia.org/resource/Jonathan_Klein_(CNN)
Jonathan Roth	http://aksw.org/notInWiki/Jonathan_Roth
Jonelle Kearney	http://aksw.org/notInWiki/Jonelle_Kearney
Jones	http://dbpedia.org/resource/Thomas_David_Jones
Joseph Schwebel	http://aksw.org/notInWiki/Joseph_Schwebel
Josh Beckett	http://dbpedia.org/resource/Josh_Beckett
Josh Niblett	http://aksw.org/notInWiki/Josh_Niblett
Joshua Dines	http://aksw.org/notInWiki/Joshua_Dines
Judith Albert	http://aksw.org/notInWiki/Judith_Albert
Judy Frankel Antiques	http://aksw.org/notInWiki/Judy_Frankel_Antiques
Julie Pace	http://aksw.org/notInWiki/Julie_Pace
Julius Genachowski	http://dbpedia.org/resource/Julius_Genachowski
Justice Department	http://dbpedia.org/resource/United_States_Department_of_Justice
Justin	http://aksw.org/notInWiki/Justin_Ford
Justin Draeger	http://aksw.org/notInWiki/Justin_Draeger
Justin Higgs	http://aksw.org/notInWiki/Justin_Higgs
KATU News	http://aksw.org/notInWiki/KATU_News
KHOU	http://dbpedia.org/resource/KHOU_(TV)
Kahn	http://aksw.org/notInWiki/Kenneth_Kahn
Kalpana Patel	http://aksw.org/notInWiki/Kalpana_Patel
Kanawha	http://aksw.org/notInWiki/Kanawha-Charleston_Health_Department
Kang Shu-hua	http://aksw.org/notInWiki/Kang_Shu-hua
Kansas City Chiefs	http://dbpedia.org/resource/Kansas_City_Chiefs
Kara Williams	http://aksw.org/notInWiki/Kara_Williams
Karin	http://aksw.org/notInWiki/Karin
Karl Gawell	http://aksw.org/notInWiki/Karl_Gawell
Kasie Hunt	http://aksw.org/notInWiki/Kasie_Hunt
Kathy Dawkins	http://aksw.org/notInWiki/Kathy_Dawkins
Katie Carey	http://aksw.org/notInWiki/Katie_Carey
Kayla	http://dbpedia.org/resource/Kayla_Harrison
Keith Bodine	http://aksw.org/notInWiki/Keith_Bodine
Keith Johnson	http://aksw.org/notInWiki/Keith_Johnson
Kelley Blue Book	http://dbpedia.org/resource/Kelley_Blue_Book
Kelsey Grammer	http://dbpedia.org/resource/Kelsey_Grammer
Ken Allen	http://aksw.org/notInWiki/Ken_Allen
Ken Whisenhunt	http://dbpedia.org/resource/Ken_Whisenhunt
Kenneth Ocastro	http://aksw.org/notInWiki/Kenneth_Ocastro
Kenny	http://aksw.org/notInWiki/Kenny_the_Clown
Kentucky	http://dbpedia.org/resource/Kentucky_Wildcats
Kentucky	http://dbpedia.org/resource/Republican_Party_of_Kentucky
Kentucky Distillers	http://aksw.org/notInWiki/Kentucky_Distillers_Association
Kevin Youkilis	http://dbpedia.org/resource/Kevin_Youkilis
Kieve-Wavus	http://aksw.org/notInWiki/Kieve-Wavus
Kim	http://aksw.org/notInWiki/Kim_Seung-youn
Kim Shaver	http://aksw.org/notInWiki/Kim_Shaver
Klein	http://aksw.org/notInWiki/Glenda_Klein
Knoxville Nationals	http://dbpedia.org/resource/Knoxville_Nationals
Knupp	http://aksw.org/notInWiki/Dee_Knupp
Kobe Bryant	http://dbpedia.org/resource/Kobe_Bryant
Kristina King	http://aksw.org/notInWiki/Kristina_King
Kurla	http://dbpedia.org/resource/Kurla
Kusama	http://dbpedia.org/resource/Yayoi_Kusama
Kyle	http://aksw.org/notInWiki/Thomas_Kyle
Kyle Olson	http://aksw.org/notInWiki/Kyle_Olson
L.L. Bean	http://dbpedia.org/resource/L.L.Bean
LDS Church	http://dbpedia.org/resource/The_Church_of_Jesus_Christ_of_Latter-day_Saints
LSU	http://dbpedia.org/resource/LSU_Tigers
La Luz	http://aksw.org/notInWiki/La_Luz_Fundation
LaVern Phillips	http://aksw.org/notInWiki/LaVern_Phillips
Lance Armstrong	http://dbpedia.org/resource/Lance_Armstrong
Larry Bradford	http://aksw.org/notInWiki/Larry_Bradford
Larry Fitzgerald	http://dbpedia.org/resource/Larry_Fitzgerald
Larry Lucchino	http://dbpedia.org/resource/Larry_Lucchino
Lars Boom	http://dbpedia.org/resource/Lars_Boom
Lars Jonassen	http://aksw.org/notInWiki/Lars_Jonassen_(Coach)
Laura Coale	http://aksw.org/notInWiki/Laura_Coale
Lawrence	http://aksw.org/notInWiki/Lawrence_Vikings_football
Lawrence Ulrich	http://aksw.org/notInWiki/Lawrence_Ulrich
Lawsky	http://aksw.org/notInWiki/Benjamin_Lawsky
Lee	http://aksw.org/notInWiki/Lee
Lee Rainie	http://aksw.org/notInWiki/Lee_Rainie
Lenny B. Robinson	http://aksw.org/notInWiki/Lenny_B._Robinson
Les Miles	http://dbpedia.org/resource/Les_Miles
Leslie Drake	http://aksw.org/notInWiki/Leslie_Drake
Leslie Moonves	http://dbpedia.org/resource/Leslie_Moonves
Lewis County	http://dbpedia.org/resource/Lewis_County,_West_Virginia
Lewiston High School	http://dbpedia.org/resource/Lewiston_High_School
Libertyville	http://dbpedia.org/resource/Libertyville,_Illinois
Liddell	http://dbpedia.org/resource/Eric_Liddell
Lido Gallery Lido Gallery & Gifts	http://aksw.org/notInWiki/Lido_Gallery_&_Gifts
Lightning	http://dbpedia.org/resource/Tampa_Bay_Lightning
Linda Church Ciocci	http://aksw.org/notInWiki/Linda_Church_Ciocci
Lindsay Bramson	http://aksw.org/notInWiki/Lindsay_Bramson
Liza Cordeiro	http://aksw.org/notInWiki/Liza_Cordeiro
Lo	http://aksw.org/notInWiki/Lo_Fu-chen
London	http://dbpedia.org/resource/London
London Games	http://dbpedia.org/resource/London_Olympics
Lonmin PLC	http://dbpedia.org/resource/Lonmin
Los Angeles Dodgers	http://dbpedia.org/resource/Los_Angeles_Dodgers
Los Angeles Lakers	http://dbpedia.org/resource/Los_Angeles_Lakers
Lou Molella	http://aksw.org/notInWiki/Lou_Molella
Louis Zona	http://aksw.org/notInWiki/Louis_Zona
Lt. Col. Aguilar	http://aksw.org/notInWiki/Jose_Aguilar
Luis Gutierrez	http://dbpedia.org/resource/Luis_Gutiérrez
Luis Luciano	http://aksw.org/notInWiki/Luis_Luciano
Lynitrah Woodson	http://aksw.org/notInWiki/Lynitrah_Woodson
Lynn La	http://aksw.org/notInWiki/Lynn_La
MIA	http://dbpedia.org/resource/Miami_International_Airport
MKA	http://dbpedia.org/resource/Montclair_Kimberley_Academy
MLB	http://dbpedia.org/resource/Major_League_Baseball
MLB Network	http://dbpedia.org/resource/MLB_Network
MU	http://dbpedia.org/resource/Marshall_University
MVP	http://dbpedia.org/resource/Most_Valuable_Player
Madonna	http://dbpedia.org/resource/Madonna_(entertainer)
Madrid	http://dbpedia.org/resource/Real_Madrid_C.F.
Maine	http://dbpedia.org/resource/Maine
Maine	http://dbpedia.org/resource/New_England_Cable_News
Maine Center	http://aksw.org/notInWiki/Maine_Center_for_Disease_Control
Maine Renewable Energy	http://aksw.org/notInWiki/Maine_Renewable_Energy
Maine State Museum Commission	http://aksw.org/notInWiki/Maine_State_Museum_Commission
Maine State Police	http://dbpedia.org/resource/Maine_State_Police
Maloney	http://dbpedia.org/resource/Bill_Maloney
Manchester City	http://dbpedia.org/resource/Manchester_City_F.C.
Manny Acta	http://dbpedia.org/resource/Manny_Acta
Manuel Pastor	http://aksw.org/notInWiki/Manuel_Pastor
Maplecroft	http://dbpedia.org/resource/Maplecroft
Maradona	http://dbpedia.org/resource/Diego_Maradona
Marblehead	http://dbpedia.org/resource/Marblehead,_Massachusetts
Marc Henderson	http://aksw.org/notInWiki/Marc_Henderson
Marcia McBrien	http://aksw.org/notInWiki/Marcia_McBrien
Mariners	http://dbpedia.org/resource/Seattle_Mariners
Mark Heesen	http://aksw.org/notInWiki/Mark_Heesen
Mark Wenger	http://aksw.org/notInWiki/Mark_Wenger
Marlene McClinton	http://aksw.org/notInWiki/Marlene_McClinton
Marnie Maclean	http://aksw.org/notInWiki/Marnie_Maclean
Marseille	http://dbpedia.org/resource/Olympique_de_Marseille
Marshall	http://dbpedia.org/resource/Marshall_Thundering_Herd_football
Maruti	http://dbpedia.org/resource/Maruti_Suzuki
Mary	http://aksw.org/notInWiki/Mary
Mary Keefe	http://aksw.org/notInWiki/Mary_Keefe
Maryland State Police	http://dbpedia.org/resource/Maryland_State_Police
Mathieu	http://dbpedia.org/resource/Tyrann_Mathieu
Matty Maroun	http://aksw.org/notInWiki/Manuel_Moroun
Max Laulie	http://aksw.org/notInWiki/Max_Laulie
Mayo Clinic	http://dbpedia.org/resource/Mayo_Clinic
McCarran	http://aksw.org/notInWiki/McCarran
McKain	http://aksw.org/notInWiki/McKain
McLean Poulin	http://aksw.org/notInWiki/McLean_Poulin
Meissen Chang	http://aksw.org/notInWiki/Meissen_Chang
Melanie Sloan	http://dbpedia.org/resource/Melanie_Sloan
Melissa Mullis	http://aksw.org/notInWiki/Melissa_Mullis
Michael Campbell	http://aksw.org/notInWiki/Michael_Campbell
Michael Irvin	http://dbpedia.org/resource/Michael_Irvin
Michele Kropf	http://aksw.org/notInWiki/Michele_Kropf
Michigan Supreme Court	http://dbpedia.org/resource/Michigan_Supreme_Court
Mid-America Asset Management	http://aksw.org/notInWiki/Mid-America_Asset_Management
Middle East	http://aksw.org/notInWiki/Middle_East_analysis_Control_Risks
Mike Van Diest	http://dbpedia.org/resource/Mike_Van_Diest
Mike du Toit	http://aksw.org/notInWiki/Mike_du_Toit
Milton	http://dbpedia.org/resource/Milton,_Massachusetts
Mina Andreeva	http://aksw.org/notInWiki/Mina_Andreeva
Minnesota	http://dbpedia.org/resource/Minnesota_Twins
Miriam	http://aksw.org/notInWiki/Miriam_Adelson
Mitt Romney	http://dbpedia.org/resource/Mitt_Romney
Mogadishu	http://dbpedia.org/resource/Mogadishu
Mohr Davidow Ventures	http://dbpedia.org/resource/Mohr_Davidow_Ventures
Molly Corbett Broad	http://dbpedia.org/resource/Molly_Corbett_Broad
Moosehead Lake Region Chamber	http://aksw.org/notInWiki/Moosehead_Lake_Region_Chamber
Morgan Durrant	http://aksw.org/notInWiki/Morgan_Durrant
Mr. Lai	http://aksw.org/notInWiki/Mr._Lai's_defense_team
Mumbai	http://dbpedia.org/resource/Mumbai
NASA	http://dbpedia.org/resource/Jet_Propulsion_Laboratory
NASA	http://dbpedia.org/resource/NASA
Nasdaq	http://dbpedia.org/resource/NASDAQ
National Association of Student Financial Aid Administrators	http://aksw.org/notInWiki/National_Association_of_Student_Financial_Aid_Administrators
National Hydropower Association	http://dbpedia.org/resource/National_Hydropower_Association
National Marriage Project	http://dbpedia.org/resource/The_National_Marriage_Project
National School Choice Week	http://aksw.org/notInWiki/National_School_Choice_Week
National Venture Capital Association	http://dbpedia.org/resource/National_Venture_Capital_Association
Natural Resources Defense Council Action Fund	http://aksw.org/notInWiki/Natural_Resources_Defense_Council_Action_Fund
Navy	http://dbpedia.org/resource/United_States_Navy
Nebraska	http://dbpedia.org/page/Nebraska_Cornhuskers_football
New York	http://dbpedia.org/resource/New_York
New York Medical College	http://dbpedia.org/resource/New_York_Medical_College
Nicholas County Solid Waste Authority	http://aksw.org/notInWiki/Nicholas_County_Solid_Waste_Authority
Nokia	http://dbpedia.org/resource/Nokia
Northern Wake Republican Club	http://aksw.org/notInWiki/Northern_Wake_Republican_Club
Norwest Venture Partners	http://dbpedia.org/resource/Norwest_Venture_Partners
November	http://dbpedia.org/resource/November
Oak Glen	http://aksw.org/notInWiki/Oak_Glen_football_team
Oakland County	http://dbpedia.org/resource/Oakland_County,_Michigan
Obama	http://dbpedia.org/resource/Barack_Obama
Obamacare	http://dbpedia.org/resource/Patient_Protection_and_Affordable_Care_Act
October	http://dbpedia.org/resource/October
Orange County	http://aksw.org/notInWiki/Orange_County
Ourada Ranch Fire	http://aksw.org/notInWiki/Ourada_Ranch_Fire
Paterson Housing Authority	http://aksw.org/notInWiki/Paterson_Housing_Authority
Paul O’Malley	http://aksw.org/notInWiki/Paul_OâMalley
Peter O'Malley	http://dbpedia.org/resource/Peter_O'Malley
Pew Research Center 's Internet and American Life Project	http://aksw.org/notInWiki/Pew_Internet_and_American_Life_Project
Peyton Manning	http://dbpedia.org/resource/Peyton_Manning
Phillip Dees	http://aksw.org/notInWiki/Phillip_Dees
Pine Ridge Chamber	http://aksw.org/notInWiki/Pine_Ridge_Chamber_of_Commerce
Pittsburgh Steelers	http://dbpedia.org/resource/Pittsburgh_Steelers
Planned Parenthood Federation	http://dbpedia.org/resource/Planned_Parenthood
Pleasant Street neighborhood network center	http://aksw.org/notInWiki/Pleasant_Street_neighborhood_network_center
Port Authority	http://dbpedia.org/resource/Port_authority
Portland	http://dbpedia.org/resource/Portland,_Maine
Portland Archdiocese	http://dbpedia.org/resource/Roman_Catholic_Archdiocese_of_Portland_in_Oregon
President Ma Ying-jeou	http://dbpedia.org/resource/Ma_Ying-jeou
Prevent Child	http://aksw.org/notInWiki/Prevent_Child_Abuse_America
Protect MI Jobs	http://aksw.org/notInWiki/Protect_MI_Jobs
Protect Marriage Maine	http://aksw.org/notInWiki/Protect_Marriage_Maine
Protect Our Jobs	http://aksw.org/notInWiki/Protect_Our_Jobs
Quincy High School	http://dbpedia.org/resource/Quincy_High_School_(Massachusetts)
Raleigh	http://dbpedia.org/resource/Raleigh,_North_Carolina
Rangeley Lakes Heritage Trust	http://aksw.org/notInWiki/Rangeley_Lakes_Heritage_Trust
Rep. John Adams	http://dbpedia.org/resource/John_Adams
Republican Party	http://dbpedia.org/resource/Republican_Party_of_Kentucky
Retailers Association of Massachusetts	http://aksw.org/notInWiki/Retailers_Association_of_Massachusetts
Rhee	http://dbpedia.org/resource/Michelle_Rhee
Richard Bernstein	http://dbpedia.org/resource/Richard_H._Bernstein
Rick Steelhammer	http://aksw.org/notInWiki/Rick_Steelhammer
Rico Brogna	http://dbpedia.org/resource/Rico_Brogna
Robert Wu	http://aksw.org/notInWiki/Robert_Wu
Robert Yen	http://aksw.org/notInWiki/Robert_Yen
Robin Hasse	http://aksw.org/notInWiki/Robin_Hasse
Robyn Kneubuhl	http://aksw.org/notInWiki/Robyn_Kneubuhl
Rockland	http://dbpedia.org/resource/Rockland,_Maine
Roger Phillimore	http://aksw.org/notInWiki/Roger_Phillimore
Romeo Crennel	http://dbpedia.org/resource/Romeo_Crennel
Rory Maher	http://aksw.org/notInWiki/Rory_Maher
Roseburg	http://dbpedia.org/resource/Roseburg,_Oregon
Route 29 Batman	http://aksw.org/notInWiki/Route_29_Batman
Russia in Global Affairs	http://dbpedia.org/resource/Russia_in_Global_Affairs
Ryan	http://dbpedia.org/resource/Paul_Ryan
Ryan Simms	http://aksw.org/notInWiki/Ryan_Simms
SECO	http://dbpedia.org/resource/State_Secretariat_for_Economic_Affairs
Salt Lake Valley Health Department	http://aksw.org/notInWiki/Salt_Lake_Valley_Health_Department
Sameer N. Yacoub	http://aksw.org/notInWiki/Sameer_N._Yacoub
Sameet Sinha	http://aksw.org/notInWiki/Sameet_Sinha
San Dimas Pharmacy	http://aksw.org/notInWiki/San_Dimas_Pharmacy
San Francisco Police Commission	http://aksw.org/notInWiki/San_Francisco_Police_Commission
Sandra Park	http://aksw.org/notInWiki/Sandra_Park
Sanitation Department	http://aksw.org/notInWiki/New_York_City_Department_of_Sanitation
Sarah Rogers	http://aksw.org/notInWiki/Sarah_Rogers
Schwebel Baking Co.	http://aksw.org/notInWiki/Schwebel_Baking_Co.
Seattle	http://dbpedia.org/resource/Seattle_Mariners
Seattle Mariners	http://dbpedia.org/resource/Seattle_Mariners
Sebastian Coe	http://dbpedia.org/resource/Sebastian_Coe
Semenya	http://dbpedia.org/resource/Caster_Semenya
Sen. Leland Yee	http://dbpedia.org/resource/Leland_Yee
Senkaku	http://dbpedia.org/resource/Senkaku_Islands
Seth Borenstein	http://aksw.org/notInWiki/Seth_Borenstein
Sgt. Paul Edwards	http://aksw.org/notInWiki/Paul_Edwards
Sgt. Tom Lovejoy	http://aksw.org/notInWiki/Tom_Lovejoy
Shane Davis	http://aksw.org/notInWiki/Shane_Davis_(Coach)
Sharon Singh	http://aksw.org/notInWiki/Sharon_Singh
Sheik Hassan Nasrallah	http://dbpedia.org/resource/Hassan_Nasrallah
Shinzo Nakanishi	http://aksw.org/notInWiki/Shinzo_Nakanishi
South Charleston Convention	http://aksw.org/notInWiki/South_Charleston_Convention_and_Visitors_Bureau
Sports Medicine and Shoulder Service	http://aksw.org/notInWiki/Sports_Medicine_and_Shoulder_Service
Spreck Rosekrans	http://aksw.org/notInWiki/Spreck_Rosekrans
Springboard Healthcare Staffing	http://aksw.org/notInWiki/Springboard_Healthcare_Staffing_and_Search
St. Joseph	http://dbpedia.org/resource/St._Joseph_Medical_Center
Stanford Design Program	http://aksw.org/notInWiki/Stanford_Design_Program
State Secretariat for Economic Affairs	http://dbpedia.org/resource/State_Secretariat_for_Economic_Affairs
Stephen Colbert	http://dbpedia.org/resource/Stephen_Colbert
Steve Hsia	http://aksw.org/notInWiki/Steve_Hsia
Steve Jobs	http://dbpedia.org/resource/Steve_Jobs
Steve McCausland	http://aksw.org/notInWiki/Steve_McCausland
Steve Owen	http://aksw.org/notInWiki/Steve_Owen
Steve Peoples	http://aksw.org/notInWiki/Steve_Peoples
Steve Smith	http://aksw.org/notInWiki/Steve_Smith_(wide_receiver,_born_1979)
Steven Stamkos	http://dbpedia.org/resource/Steven_Stamkos
Summers	http://dbpedia.org/resource/Charles_E._Summers,_Jr.
Sweetgrass Farm Winery	http://aksw.org/notInWiki/Sweetgrass_Farm_Winery_&_Distillery
Taipei City Women 's Rescue Foundation	http://aksw.org/notInWiki/Taipei_City_Womens_Rescue_Foundation
Tan	http://aksw.org/notInWiki/Tan_Ching-ting
Telly Lockette	http://aksw.org/notInWiki/Telly_Lockette
Terri Bowman	http://aksw.org/notInWiki/Terri_Bowman
Terry Hackney	http://aksw.org/notInWiki/Terry_Hackney
Texas Department	http://aksw.org/notInWiki/State_Health_Services
Thompson	http://aksw.org/notInWiki/Thompson
Tigers	http://aksw.org/notInWiki/Tigers
Tim Cook	http://dbpedia.org/resource/Tim_Cook
Timea Babos	http://dbpedia.org/resource/Tímea_Babos
Tina Bailes	http://aksw.org/notInWiki/Tina_Bailes
Todd Kenreck	http://aksw.org/notInWiki/Todd_Kenreck
Todd Watson	http://dbpedia.org/resource/Todd_Watson
Tom Rist	http://aksw.org/notInWiki/Tom_Rist
Tom Thibodeau	http://dbpedia.org/resource/Tom_Thibodeau
Tom Wilkinson	http://aksw.org/notInWiki/Tom_Wilkinson
Tony Romo	http://dbpedia.org/resource/Tony_Romo
Traci Klein	http://aksw.org/notInWiki/Traci_Klein
Tracy Schmaler	http://aksw.org/notInWiki/Tracy_Schmaler
Tucson	http://dbpedia.org/resource/Tucson,_Arizona
U.S.	http://dbpedia.org/resource/United_States
U.S.	http://dbpedia.org/resource/United_States_Citizenship_and_Immigration_Services
U.S. Chemical Safety Board	http://dbpedia.org/resource/U.S._Chemical_Safety_and_Hazard_Investigation_Board
U.S. Commercial Service	http://dbpedia.org/resource/U.S._Commercial_Service
U.S.-Japan Council	http://aksw.org/notInWiki/U.S.-Japan_Council
UCSF	http://dbpedia.org/resource/University_of_California,_San_Francisco
UNESCO	http://dbpedia.org/resource/UNESCO
Uganda	http://dbpedia.org/resource/Uganda
United States	http://dbpedia.org/resource/United_States
University of Chile student federation	http://aksw.org/notInWiki/University_of_Chile_Student_Federation
University of Pennsylvania Center for Bioethics	http://aksw.org/notInWiki/University_of_Pennsylvania_Center_for_Bioethics
University of Southern California 's Center for the Study of Immigrant Integration	http://aksw.org/notInWiki/Center_for_the_Study_of_Immigrant_Integration
Van Garderen	http://dbpedia.org/resource/Tejay_van_Garderen
Vance Gulliksen	http://aksw.org/notInWiki/Vance_Gulliksen
Victor Conte	http://dbpedia.org/resource/Victor_Conte
Victor Mendez	http://dbpedia.org/resource/Victor_Mendez
Wang Yilin	http://aksw.org/notInWiki/Wang_Yilin
Washington	http://dbpedia.org/resource/Washington,_D.C.
West Virginia	http://dbpedia.org/resource/West_Virginia
West Virginia State University	http://dbpedia.org/resource/West_Virginia_State_University
Williamson	http://aksw.org/notInWiki/Cleon_Williamson
Wright Blake	http://aksw.org/notInWiki/Wright_Blake
Wu Ching-kuo	http://dbpedia.org/resource/Wu_Ching-kuo
YWCA	http://aksw.org/notInWiki/YWCA_board_of_directors
Yahoo	http://dbpedia.org/resource/Yahoo
Yang	http://aksw.org/notInWiki/Yang_Mei-ling
Yehudith Oppenheimer	http://aksw.org/notInWiki/Yehudith_Oppenheimer
York Hsiao	http://aksw.org/notInWiki/York_Hsiao
Young Appliance	http://aksw.org/notInWiki/Young_Appliance
Young Brothers	http://aksw.org/notInWiki/Young_Brothers
Young Young & Hungry	http://aksw.org/notInWiki/Young_&_Hungry
